code,name,native
aa,Afar,Qafar
aa-DJ,Afar (Djibouti),Qafar (Gabuuti)
aa-ER,Afar (Eritrea),Qafar (Eretriya)
aa-ET,Afar (Ethiopia),Qafar (Itiyoppiya)
ab,Abkhazian,ĞÔ¥ÑÑˆÓ™Ğ°
ab-GE,Abkhazian (Georgia),ĞÔ¥ÑÑˆÓ™Ğ° (ÒšÑ‹Ñ€Ò­Ñ‚Ó™Ñ‹Ğ»Ğ°)
af,Afrikaans,Afrikaans
af-NA,Afrikaans (Namibia),Afrikaans (NamibiÃ«)
af-ZA,Afrikaans (South Africa),Afrikaans (Suid-Afrika)
agq,Aghem,Aghem
agq-CM,Aghem (Cameroon),Aghem (KÃ mÉ›Ì€rÃ»n)
ak,Akan,Akan
ak-GH,Akan (Ghana),Akan (Gaana)
am,Amharic,áŠ áˆ›áˆ­áŠ›
am-ET,Amharic (Ethiopia),áŠ áˆ›áˆ­áŠ› (áŠ¢á‰µá‹®áŒµá‹«)
an,Aragonese,AragonÃ©s
an-ES,Aragonese (Spain),AragonÃ©s (EspaÃ±a)
ann,Obolo,Obolo
ann-NG,Obolo (Nigeria),Obolo (Nigeria)
apc,Levantine Arabic,Ø§Ù„Ø¹Ø§Ù…ÙŠØ©
apc-SY,Levantine Arabic (Syria),Ø§Ù„Ø¹Ø§Ù…ÙŠØ© (Ø³ÙˆØ±ÙŠØ§)
ar,Arabic,Ø§Ù„Ø¹Ø±Ø¨ÙŠØ©
ar-001,Arabic (World),Ø§Ù„Ø¹Ø±Ø¨ÙŠØ© (Ø§Ù„Ø¹Ø§Ù„Ù…)
ar-AE,Arabic (United Arab Emirates),Ø§Ù„Ø¹Ø±Ø¨ÙŠØ© (Ø§Ù„Ø¥Ù…Ø§Ø±Ø§Øª Ø§Ù„Ø¹Ø±Ø¨ÙŠØ© Ø§Ù„Ù…ØªØ­Ø¯Ø©)
ar-BH,Arabic (Bahrain),Ø§Ù„Ø¹Ø±Ø¨ÙŠØ© (Ø§Ù„Ø¨Ø­Ø±ÙŠÙ†)
ar-DJ,Arabic (Djibouti),Ø§Ù„Ø¹Ø±Ø¨ÙŠØ© (Ø¬ÙŠØ¨ÙˆØªÙŠ)
ar-DZ,Arabic (Algeria),Ø§Ù„Ø¹Ø±Ø¨ÙŠØ© (Ø§Ù„Ø¬Ø²Ø§Ø¦Ø±)
ar-EG,Arabic (Egypt),Ø§Ù„Ø¹Ø±Ø¨ÙŠØ© (Ù…ØµØ±)
ar-EH,Arabic (Western Sahara),Ø§Ù„Ø¹Ø±Ø¨ÙŠØ© (Ø§Ù„ØµØ­Ø±Ø§Ø¡ Ø§Ù„ØºØ±Ø¨ÙŠØ©)
ar-ER,Arabic (Eritrea),Ø§Ù„Ø¹Ø±Ø¨ÙŠØ© (Ø¥Ø±ÙŠØªØ±ÙŠØ§)
ar-IL,Arabic (Israel),Ø§Ù„Ø¹Ø±Ø¨ÙŠØ© (Ø¥Ø³Ø±Ø§Ø¦ÙŠÙ„)
ar-IQ,Arabic (Iraq),Ø§Ù„Ø¹Ø±Ø¨ÙŠØ© (Ø§Ù„Ø¹Ø±Ø§Ù‚)
ar-JO,Arabic (Jordan),Ø§Ù„Ø¹Ø±Ø¨ÙŠØ© (Ø§Ù„Ø£Ø±Ø¯Ù†)
ar-KM,Arabic (Comoros),Ø§Ù„Ø¹Ø±Ø¨ÙŠØ© (Ø¬Ø²Ø± Ø§Ù„Ù‚Ù…Ø±)
ar-KW,Arabic (Kuwait),Ø§Ù„Ø¹Ø±Ø¨ÙŠØ© (Ø§Ù„ÙƒÙˆÙŠØª)
ar-LB,Arabic (Lebanon),Ø§Ù„Ø¹Ø±Ø¨ÙŠØ© (Ù„Ø¨Ù†Ø§Ù†)
ar-LY,Arabic (Libya),Ø§Ù„Ø¹Ø±Ø¨ÙŠØ© (Ù„ÙŠØ¨ÙŠØ§)
ar-MA,Arabic (Morocco),Ø§Ù„Ø¹Ø±Ø¨ÙŠØ© (Ø§Ù„Ù…ØºØ±Ø¨)
ar-MR,Arabic (Mauritania),Ø§Ù„Ø¹Ø±Ø¨ÙŠØ© (Ù…ÙˆØ±ÙŠØªØ§Ù†ÙŠØ§)
ar-OM,Arabic (Oman),Ø§Ù„Ø¹Ø±Ø¨ÙŠØ© (Ø¹ÙÙ…Ø§Ù†)
ar-PS,Arabic (Palestinian Territories),Ø§Ù„Ø¹Ø±Ø¨ÙŠØ© (Ø§Ù„Ø£Ø±Ø§Ø¶ÙŠ Ø§Ù„ÙÙ„Ø³Ø·ÙŠÙ†ÙŠØ©)
ar-QA,Arabic (Qatar),Ø§Ù„Ø¹Ø±Ø¨ÙŠØ© (Ù‚Ø·Ø±)
ar-SA,Arabic (Saudi Arabia),Ø§Ù„Ø¹Ø±Ø¨ÙŠØ© (Ø§Ù„Ù…Ù…Ù„ÙƒØ© Ø§Ù„Ø¹Ø±Ø¨ÙŠØ© Ø§Ù„Ø³Ø¹ÙˆØ¯ÙŠØ©)
ar-SD,Arabic (Sudan),Ø§Ù„Ø¹Ø±Ø¨ÙŠØ© (Ø§Ù„Ø³ÙˆØ¯Ø§Ù†)
ar-SO,Arabic (Somalia),Ø§Ù„Ø¹Ø±Ø¨ÙŠØ© (Ø§Ù„ØµÙˆÙ…Ø§Ù„)
ar-SS,Arabic (South Sudan),Ø§Ù„Ø¹Ø±Ø¨ÙŠØ© (Ø¬Ù†ÙˆØ¨ Ø§Ù„Ø³ÙˆØ¯Ø§Ù†)
ar-SY,Arabic (Syria),Ø§Ù„Ø¹Ø±Ø¨ÙŠØ© (Ø³ÙˆØ±ÙŠØ§)
ar-TD,Arabic (Chad),Ø§Ù„Ø¹Ø±Ø¨ÙŠØ© (ØªØ´Ø§Ø¯)
ar-TN,Arabic (Tunisia),Ø§Ù„Ø¹Ø±Ø¨ÙŠØ© (ØªÙˆÙ†Ø³)
ar-YE,Arabic (Yemen),Ø§Ù„Ø¹Ø±Ø¨ÙŠØ© (Ø§Ù„ÙŠÙ…Ù†)
arn,Mapuche,Mapudungun
arn-CL,Mapuche (Chile),Mapudungun (Chile)
as,Assamese,à¦…à¦¸à¦®à§€à¦¯à¦¼à¦¾
as-IN,Assamese (India),à¦…à¦¸à¦®à§€à¦¯à¦¼à¦¾ (à¦­à¦¾à§°à¦¤)
asa,Asu,Kipare
asa-TZ,Asu (Tanzania),Kipare (Tadhania)
ast,Asturian,Asturianu
ast-ES,Asturian (Spain),Asturianu (EspaÃ±a)
az,Azerbaijani,AzÉ™rbaycan
az-AZ,Azerbaijani (Azerbaijan),AzÉ™rbaycan (AzÉ™rbaycan)
az-IQ,Azerbaijani (Iraq),AzÉ™rbaycan (Ä°raq)
az-IR,Azerbaijani (Iran),AzÉ™rbaycan (Ä°ran)
az-TR,Azerbaijani (Turkey),AzÉ™rbaycan (TÃ¼rkiyÉ™)
ba,Bashkir,Ğ±Ğ°ÑˆÒ¡Ğ¾Ñ€Ñ‚ Ñ‚ĞµĞ»Ğµ
ba-RU,Bashkir (Russia),Ğ±Ğ°ÑˆÒ¡Ğ¾Ñ€Ñ‚ Ñ‚ĞµĞ»Ğµ (Ğ Ó™ÑÓ™Ğ¹ .)
bal,Baluchi,Ø¨Ù„Û†Ú†ÛŒ
bal-PK,Baluchi (Pakistan),Ø¨Ù„Û†Ú†ÛŒ (Ù¾Ø§Ú©Ø³ØªØ§Ù† .)
bas,Basaa,ÆÃ sÃ a
bas-CM,Basaa (Cameroon),ÆÃ sÃ a (KÃ mÉ›Ì€rÃ»n)
be,Belarusian,Ğ‘ĞµĞ»Ğ°Ñ€ÑƒÑĞºĞ°Ñ
be-BY,Belarusian (Belarus),Ğ‘ĞµĞ»Ğ°Ñ€ÑƒÑĞºĞ°Ñ (Ğ‘ĞµĞ»Ğ°Ñ€ÑƒÑÑŒ)
bem,Bemba,Ichibemba
bem-ZM,Bemba (Zambia),Ichibemba (Zambia)
bew,Betawi,Betawi
bew-ID,Betawi (Indonesia),Betawi (Indonesia)
bez,Bena,Hibena
bez-TZ,Bena (Tanzania),Hibena (Tanzania)
bg,Bulgarian,Ğ‘ÑŠĞ»Ğ³Ğ°Ñ€ÑĞºĞ¸
bg-BG,Bulgarian (Bulgaria),Ğ‘ÑŠĞ»Ğ³Ğ°Ñ€ÑĞºĞ¸ (Ğ‘ÑŠĞ»Ğ³Ğ°Ñ€Ğ¸Ñ)
bgc,Haryanvi,à¤¹à¤°à¤¿à¤¯à¤¾à¤£à¤µà¥€
bgc-IN,Haryanvi (India),à¤¹à¤°à¤¿à¤¯à¤¾à¤£à¤µà¥€ (à¤­à¤¾à¤°à¤¤)
bgn,Western Balochi,Ø¨Ù„ÙˆÚ†ÛŒ
bgn-AE,Western Balochi (UAE),Ø¨Ù„ÙˆÚ†ÛŒ (Ù…ØªØ­Ø¯Û Ø¹Ø±Ø¨ Ø§Ù…Ø§Ø±Ø§Øª)
bgn-AF,Western Balochi (Afghanistan),Ø¨Ù„ÙˆÚ†ÛŒ (Ø§ÙØºØ§Ù†Ø³ØªØ§Ù†)
bgn-IR,Western Balochi (Iran),Ø¨Ù„ÙˆÚ†ÛŒ (Ø§ÛŒØ±Ø§Ù†)
bgn-OM,Western Balochi (Oman),Ø¨Ù„ÙˆÚ†ÛŒ (Ø¹Ù…Ø§Ù†)
bgn-PK,Western Balochi (Pakistan),Ø¨Ù„ÙˆÚ†ÛŒ (Ù¾Ø§Ú©Ø³ØªØ§Ù†)
bho,Bhojpuri,à¤­à¥‹à¤œà¤ªà¥à¤°à¥€
bho-IN,Bhojpuri (India),à¤­à¥‹à¤œà¤ªà¥à¤°à¥€ (à¤­à¤¾à¤°à¤¤)
blo,Anii,Anii
blo-BJ,Anii (Benin),Anii (BÃ©nin)
blt,Tai Dam,êª¼êª•êª’êª¾
blt-VN,Tai Dam (Vietnam),êª¼êª•êª’êª¾ (Viá»‡t Nam)
bm,Bambara,Bamanakan
bm-ML,Bambara (Mali),Bamanakan (Mali)
bn,Bengali,à¦¬à¦¾à¦‚à¦²à¦¾
bn-BD,Bengali (Bangladesh),à¦¬à¦¾à¦‚à¦²à¦¾ (à¦¬à¦¾à¦‚à¦²à¦¾à¦¦à§‡à¦¶)
bn-IN,Bengali (India),à¦¬à¦¾à¦‚à¦²à¦¾ (à¦­à¦¾à¦°à¦¤)
bo,Tibetan,à½–à½¼à½‘à¼‹à½¦à¾à½‘à¼‹
bo-CN,Tibetan (China),à½–à½¼à½‘à¼‹à½¦à¾à½‘à¼‹ (à½¢à¾’à¾±à¼‹à½“à½‚)
bo-IN,Tibetan (India),à½–à½¼à½‘à¼‹à½¦à¾à½‘à¼‹ (à½¢à¾’à¾±à¼‹à½‚à½¢)
br,Breton,Brezhoneg
br-FR,Breton (France),Brezhoneg (Bro-C'hall)
brx,Bodo,à¤¬à¤¡à¤¼à¥‹
brx-IN,Bodo (India),à¤¬à¤¡à¤¼à¥‹ (à¤­à¤¾à¤°à¤¤)
bs,Bosnian,Bosanski
bs-BA,Bosnian (Bosnia & Herzegovina),Bosanski (Bosna i Hercegovina)
bss,Akoose,Akoose
bss-CM,Akoose (Cameroon),Akoose (KamerÃ»n)
byn,Blin,á‰¥áˆŠáŠ•
byn-ER,Blin (Eritrea),á‰¥áˆŠáŠ• (áŠ¤áˆ­á‰µáˆ«)
ca,Catalan,CatalÃ 
ca-AD,Catalan (Andorra),CatalÃ  (Andorra)
ca-ES,Catalan (Spain),CatalÃ  (Espanya)
ca-FR,Catalan (France),CatalÃ  (FranÃ§a)
ca-IT,Catalan (Italy),CatalÃ  (ItÃ lia)
cad,Caddo,Caddo
cad-US,Caddo (United States),Caddo (United States)
cch,Atsam,Atsam
cch-NG,Atsam (Nigeria),Atsam (Nigeria)
ccp,Chakma,ğ‘„Œğ‘„‹ğ‘„´ğ‘„Ÿğ‘„³ğ‘„¦
ccp-BD,Chakma (Bangladesh),ğ‘„Œğ‘„‹ğ‘„´ğ‘„Ÿğ‘„³ğ‘„¦ (ğ‘„ğ‘„ğ‘„£ğ‘„˜ğ‘„¬ğ‘„Œğ‘„´)
ccp-IN,Chakma (India),ğ‘„Œğ‘„‹ğ‘„´ğ‘„Ÿğ‘„³ğ‘„¦ (ğ‘„ğ‘„¢ğ‘„§ğ‘„–ğ‘„´)
ce,Chechen,ĞĞ¾Ñ…Ñ‡Ğ¸Ğ¹Ğ½
ce-RU,Chechen (Russia),ĞĞ¾Ñ…Ñ‡Ğ¸Ğ¹Ğ½ (ĞÑŒÑ€ÑĞ¸Ğ¹Ñ‡Ğ¾ÑŒ)
ceb,Cebuano,Cebuano
ceb-PH,Cebuano (Philippines),Cebuano (Pilipinas)
cgg,Chiga,Rukiga
cgg-UG,Chiga (Uganda),Rukiga (Uganda)
cho,Choctaw,Chahta
cho-US,Choctaw (United States),Chahta (United States)
chr,Cherokee,á£á³á©
chr-US,Cherokee (United States),á£á³á© (áŒáŠ á¢á³á¾áµáá”á… áá¦ášá©)
cic,Chickasaw,ChikashshanompaÊ¼
cic-US,Chickasaw (United States),ChikashshanompaÊ¼ (United States)
ckb,Central Kurdish,Ú©ÙˆØ±Ø¯ÛŒÛŒ Ù†Ø§ÙˆÛ•Ù†Ø¯ÛŒ
ckb-IQ,Central Kurdish (Iraq),Ú©ÙˆØ±Ø¯ÛŒÛŒ Ù†Ø§ÙˆÛ•Ù†Ø¯ÛŒ (Ø¹ÛØ±Ø§Ù‚)
ckb-IR,Central Kurdish (Iran),Ú©ÙˆØ±Ø¯ÛŒÛŒ Ù†Ø§ÙˆÛ•Ù†Ø¯ÛŒ (Ø¦ÛØ±Ø§Ù†)
co,Corsican,Corsu
co-FR,Corsican (France),Corsu (Francia)
cs,Czech,ÄŒeÅ¡tina
cs-CZ,Czech (Czechia),ÄŒeÅ¡tina (ÄŒesko)
csw,Swampy Cree,á“€á¦áƒá”­ááá£
csw-CA,Swampy Cree (Canada),á“€á¦áƒá”­ááá£ (á‘³á“‡á‘•)
cu,Church Slavonic,Ğ¦ĞµÑ€ĞºĞ¾Ğ²Ğ½Ğ¾ÑĞ»Ğ¾Ğ²ĞµÌĞ½ÑĞºÑ—Ğ¹
cu-RU,Church Slavonic (Russia),Ğ¦ĞµÑ€ĞºĞ¾Ğ²Ğ½Ğ¾ÑĞ»Ğ¾Ğ²ĞµÌĞ½ÑĞºÑ—Ğ¹ (Ğ Ğ¾ÑÑÑ–Ñ)
cv,Chuvash,Ğ§Ó‘Ğ²Ğ°Ñˆ
cv-RU,Chuvash (Russia),Ğ§Ó‘Ğ²Ğ°Ñˆ (Ğ Ğ°Ò«Ò«ĞµĞ¹)
cy,Welsh,Cymraeg
cy-GB,Welsh (United Kingdom),Cymraeg (Deyrnas Unedig)
da,Danish,Dansk
da-DK,Danish (Denmark),Dansk (Danmark)
da-GL,Danish (Greenland),Dansk (GrÃ¸nland)
dav,Taita,Kitaita
dav-KE,Taita (Kenya),Kitaita (Kenya)
de,German,Deutsch
de-AT,German (Austria),Deutsch (Ã–sterreich)
de-BE,German (Belgium),Deutsch (Belgien)
de-CH,German (Switzerland),Deutsch (Schweiz)
de-DE,German (Germany),Deutsch (Deutschland)
de-IT,German (Italy),Deutsch (Italien)
de-LI,German (Liechtenstein),Deutsch (Liechtenstein)
de-LU,German (Luxembourg),Deutsch (Luxemburg)
dje,Zarma,Zarmaciine
dje-NE,Zarma (Niger),Zarmaciine (NiÅ¾er)
doi,Dogri,à¤¡à¥‹à¤—à¤°à¥€
doi-IN,Dogri (India),à¤¡à¥‹à¤—à¤°à¥€ (à¤­à¤¾à¤°à¤¤)
dsb,Lower Sorbian,DolnoserbÅ¡Ä‡ina
dsb-DE,Lower Sorbian (Germany),DolnoserbÅ¡Ä‡ina (Nimska)
dua,Duala,DuÃ¡lÃ¡
dua-CM,Duala (Cameroon),DuÃ¡lÃ¡ (Cameroun)
dv,Dhivehi,Ş‹Ş¨ŞˆŞ¬Ş€Ş¨
dv-MV,Dhivehi (Maldives),Ş‹Ş¨ŞˆŞ¬Ş€Ş¨ (Ş‰Ş¯ŞŞ°Ş‘Ş¨ŞˆŞ°ŞŞ° Ş‡Ş¬ŞˆŞ¬)
dyo,Jola-Fonyi,Joola
dyo-SN,Jola-Fonyi (Senegal),Joola (Senegal)
dz,Dzongkha,à½¢à¾«à½¼à½„à¼‹à½
dz-BT,Dzongkha (Bhutan),à½¢à¾«à½¼à½„à¼‹à½ (à½ à½–à¾²à½´à½‚à¼‹à½¢à¾’à¾±à½£à¼‹à½¡à½´à½£à¼)
ebu,Embu,KÄ©embu
ebu-KE,Embu (Kenya),KÄ©embu (Kenya)
ee,Ewe,EÊ‹egbe
ee-GH,Ewe (Ghana),EÊ‹egbe (Ghana)
ee-TG,Ewe (Togo),EÊ‹egbe (Togo)
el,Greek,Î•Î»Î»Î·Î½Î¹ÎºÎ¬
el-CY,Greek (Cyprus),Î•Î»Î»Î·Î½Î¹ÎºÎ¬ (ÎšÏÏ€ÏÎ¿Ï‚)
el-GR,Greek (Greece),Î•Î»Î»Î·Î½Î¹ÎºÎ¬ (Î•Î»Î»Î¬Î´Î±)
en,English,English
en-001,English (World),English (World)
en-150,English (Europe),English (Europe)
en-AE,English (United Arab Emirates),English (United Arab Emirates)
en-AG,English (Antigua & Barbuda),English (Antigua & Barbuda)
en-AI,English (Anguilla),English (Anguilla)
en-AS,English (American Samoa),English (American Samoa)
en-AT,English (Austria),English (Austria)
en-AU,English (Australia),English (Australia)
en-BB,English (Barbados),English (Barbados)
en-BE,English (Belgium),English (Belgium)
en-BI,English (Burundi),English (Burundi)
en-BM,English (Bermuda),English (Bermuda)
en-BS,English (Bahamas),English (Bahamas)
en-BW,English (Botswana),English (Botswana)
en-BZ,English (Belize),English (Belize)
en-CA,English (Canada),English (Canada)
en-CC,English (Cocos (Keeling) Islands),English (Cocos (Keeling) Islands)
en-CH,English (Switzerland),English (Switzerland)
en-CK,English (Cook Islands),English (Cook Islands)
en-CM,English (Cameroon),English (Cameroon)
en-CX,English (Christmas Island),English (Christmas Island)
en-CY,English (Cyprus),English (Cyprus)
en-DE,English (Germany),English (Germany)
en-DG,English (Diego Garcia),English (Diego Garcia)
en-DK,English (Denmark),English (Denmark)
en-DM,English (Dominica),English (Dominica)
en-ER,English (Eritrea),English (Eritrea)
en-FI,English (Finland),English (Finland)
en-FJ,English (Fiji),English (Fiji)
en-FK,English (Falkland Islands),English (Falkland Islands)
en-FM,English (Micronesia),English (Micronesia)
en-GB,English (United Kingdom),English (United Kingdom)
en-GD,English (Grenada),English (Grenada)
en-GG,English (Guernsey),English (Guernsey)
en-GH,English (Ghana),English (Ghana)
en-GI,English (Gibraltar),English (Gibraltar)
en-GM,English (Gambia),English (Gambia)
en-GU,English (Guam),English (Guam)
en-GY,English (Guyana),English (Guyana)
en-HK,English (Hong Kong),English (Hong Kong)
en-ID,English (Indonesia),English (Indonesia)
en-IE,English (Ireland),English (Ireland)
en-IL,English (Israel),English (Israel)
en-IM,English (Isle of Man),English (Isle of Man)
en-IN,English (India),English (India)
en-IO,English (British Indian Ocean Territory),English (British Indian Ocean Territory)
en-JE,English (Jersey),English (Jersey)
en-JM,English (Jamaica),English (Jamaica)
en-KE,English (Kenya),English (Kenya)
en-KI,English (Kiribati),English (Kiribati)
en-KN,English (Saint Kitts and Nevis),English (Saint Kitts and Nevis)
en-KY,English (Cayman Islands),English (Cayman Islands)
en-LC,English (Saint Lucia),English (Saint Lucia)
en-LR,English (Liberia),English (Liberia)
en-LS,English (Lesotho),English (Lesotho)
en-MG,English (Madagascar),English (Madagascar)
en-MH,English (Marshall Islands),English (Marshall Islands)
en-MO,English (Macao),English (Macao)
en-MP,English (Northern Mariana Islands),English (Northern Mariana Islands)
en-MS,English (Montserrat),English (Montserrat)
en-MT,English (Malta),English (Malta)
en-MU,English (Mauritius),English (Mauritius)
en-MV,English (Maldives),English (Maldives)
en-MW,English (Malawi),English (Malawi)
en-MY,English (Malaysia),English (Malaysia)
en-NA,English (Namibia),English (Namibia)
en-NF,English (Norfolk Island),English (Norfolk Island)
en-NG,English (Nigeria),English (Nigeria)
en-NL,English (Netherlands),English (Netherlands)
en-NR,English (Nauru),English (Nauru)
en-NU,English (Niue),English (Niue)
en-NZ,English (New Zealand),English (New Zealand)
en-PG,English (Papua New Guinea),English (Papua New Guinea)
en-PH,English (Philippines),English (Philippines)
en-PK,English (Pakistan),English (Pakistan)
en-PN,English (Pitcairn Islands),English (Pitcairn Islands)
en-PR,English (Puerto Rico),English (Puerto Rico)
en-PW,English (Palau),English (Palau)
en-RW,English (Rwanda),English (Rwanda)
en-SB,English (Solomon Islands),English (Solomon Islands)
en-SC,English (Seychelles),English (Seychelles)
en-SD,English (Sudan),English (Sudan)
en-SE,English (Sweden),English (Sweden)
en-SG,English (Singapore),English (Singapore)
en-SH,English (Saint Helena),English (Saint Helena)
en-SI,English (Slovenia),English (Slovenia)
en-SL,English (Sierra Leone),English (Sierra Leone)
en-SS,English (South Sudan),English (South Sudan)
en-SX,English (Sint Maarten),English (Sint Maarten)
en-SZ,English (Eswatini),English (Eswatini)
en-TC,English (Turks & Caicos Islands),English (Turks & Caicos Islands)
en-TK,English (Tokelau),English (Tokelau)
en-TO,English (Tonga),English (Tonga)
en-TT,English (Trinidad & Tobago),English (Trinidad & Tobago)
en-TV,English (Tuvalu),English (Tuvalu)
en-TZ,English (Tanzania),English (Tanzania)
en-UG,English (Uganda),English (Uganda)
en-UM,English (U.S. Outlying Islands),English (U.S. Outlying Islands)
en-US,English (United States),English (United States)
en-VC,English (Saint Vincent and the Grenadines),English (Saint Vincent and the Grenadines)
en-VG,English (British Virgin Islands),English (British Virgin Islands)
en-VI,English (U.S. Virgin Islands),English (U.S. Virgin Islands)
en-VU,English (Vanuatu),English (Vanuatu)
en-WS,English (Samoa),English (Samoa)
en-ZA,English (South Africa),English (South Africa)
en-ZM,English (Zambia),English (Zambia)
en-ZW,English (Zimbabwe),English (Zimbabwe)
eo,Esperanto,Esperanto
eo-001,Esperanto (World),Esperanto (Mondo)
es,Spanish,EspaÃ±ol
es-419,Spanish (Latin America),EspaÃ±ol (LatinoamÃ©rica)
es-AR,Spanish (Argentina),EspaÃ±ol (Argentina)
es-BO,Spanish (Bolivia),EspaÃ±ol (Bolivia)
es-BR,Spanish (Brazil),EspaÃ±ol (Brasil)
es-BZ,Spanish (Belize),EspaÃ±ol (Belice)
es-CL,Spanish (Chile),EspaÃ±ol (Chile)
es-CO,Spanish (Colombia),EspaÃ±ol (Colombia)
es-CR,Spanish (Costa Rica),EspaÃ±ol (Costa Rica)
es-CU,Spanish (Cuba),EspaÃ±ol (Cuba)
es-DO,Spanish (Dominican Republic),EspaÃ±ol (RepÃºblica Dominicana)
es-EA,Spanish (Ceuta & Melilla),EspaÃ±ol (Ceuta y Melilla)
es-EC,Spanish (Ecuador),EspaÃ±ol (Ecuador)
es-ES,Spanish (Spain),EspaÃ±ol (EspaÃ±a)
es-GQ,Spanish (Equatorial Guinea),EspaÃ±ol (Guinea Ecuatorial)
es-GT,Spanish (Guatemala),EspaÃ±ol (Guatemala)
es-HN,Spanish (Honduras),EspaÃ±ol (Honduras)
es-IC,Spanish (Canary Islands),EspaÃ±ol (Canarias)
es-MX,Spanish (Mexico),EspaÃ±ol (MÃ©xico)
es-NI,Spanish (Nicaragua),EspaÃ±ol (Nicaragua)
es-PA,Spanish (Panama),EspaÃ±ol (PanamÃ¡)
es-PE,Spanish (Peru),EspaÃ±ol (PerÃº)
es-PH,Spanish (Philippines),EspaÃ±ol (Filipinas)
es-PR,Spanish (Puerto Rico),EspaÃ±ol (Puerto Rico)
es-PY,Spanish (Paraguay),EspaÃ±ol (Paraguay)
es-SV,Spanish (El Salvador),EspaÃ±ol (El Salvador)
es-US,Spanish (United States),EspaÃ±ol (Estados Unidos)
es-UY,Spanish (Uruguay),EspaÃ±ol (Uruguay)
es-VE,Spanish (Venezuela),EspaÃ±ol (Venezuela)
et,Estonian,Eesti
et-EE,Estonian (Estonia),Eesti (Eesti)
eu,Basque,Euskara
eu-ES,Basque (Spain),Euskara (Espainia)
ewo,Ewondo,Ewondo
ewo-CM,Ewondo (Cameroon),Ewondo (KamÉ™rÃºn)
fa,Persian,ÙØ§Ø±Ø³ÛŒ
fa-AF,Persian (Afghanistan),ÙØ§Ø±Ø³ÛŒ (Ø§ÙØºØ§Ù†Ø³ØªØ§Ù†)
fa-IR,Persian (Iran),ÙØ§Ø±Ø³ÛŒ (Ø§ÛŒØ±Ø§Ù†)
ff,Fulani,FulÉ“e
ff-BF,Fulani (Burkina Faso),FulÉ“e (Burkinaa)
ff-CM,Fulani (Cameroon),FulÉ“e (Kameruun)
ff-GH,Fulani (Ghana),FulÉ“e (Ganaa)
ff-GM,Fulani (Gambia),FulÉ“e (Gammbi)
ff-GN,Fulani (Guinea),FulÉ“e (Gine)
ff-GW,Fulani (Guinea-Bissau),FulÉ“e (Gine Bisaawo)
ff-LR,Fulani (Liberia),FulÉ“e (Liberiyaa)
ff-MR,Fulani (Mauritania),FulÉ“e (Leydi Moritani)
ff-NE,Fulani (Niger),FulÉ“e (Niiseer)
ff-NG,Fulani (Nigeria),FulÉ“e (Naajeeriya)
ff-SL,Fulani (Sierra Leone),FulÉ“e (Siyeraa Leyoon)
ff-SN,Fulani (Senegal),FulÉ“e (Senegaal)
fi,Finnish,Suomi
fi-FI,Finnish (Finland),Suomi (Suomi)
fil,Filipino,Filipino
fil-PH,Filipino (Philippines),Filipino (Pilipinas)
fo,Faroese,FÃ¸royskt
fo-DK,Faroese (Denmark),FÃ¸royskt (Danmark)
fo-FO,Faroese (Faroe Islands),FÃ¸royskt (FÃ¸royar)
fr,French,FranÃ§ais
fr-BE,French (Belgium),FranÃ§ais (Belgique)
fr-BF,French (Burkina Faso),FranÃ§ais (Burkina Faso)
fr-BI,French (Burundi),FranÃ§ais (Burundi)
fr-BJ,French (Benin),FranÃ§ais (BÃ©nin)
fr-BL,French (Saint BarthÃ©lemy),FranÃ§ais (Saint-BarthÃ©lemy)
fr-CA,French (Canada),FranÃ§ais (Canada)
fr-CD,French (DR Congo),FranÃ§ais (RD Congo)
fr-CF,French (Central African Republic),FranÃ§ais (RÃ©publique centrafricaine)
fr-CG,French (Congo),FranÃ§ais (Congo)
fr-CH,French (Switzerland),FranÃ§ais (Suisse)
fr-CI,French (Ivory Coast),FranÃ§ais (CÃ´te d'Ivoire)
fr-CM,French (Cameroon),FranÃ§ais (Cameroun)
fr-DJ,French (Djibouti),FranÃ§ais (Djibouti)
fr-DZ,French (Algeria),FranÃ§ais (AlgÃ©rie)
fr-FR,French (France),FranÃ§ais (France)
fr-GA,French (Gabon),FranÃ§ais (Gabon)
fr-GF,French (French Guiana),FranÃ§ais (Guyane franÃ§aise)
fr-GN,French (Guinea),FranÃ§ais (GuinÃ©e)
fr-GP,French (Guadeloupe),FranÃ§ais (Guadeloupe)
fr-GQ,French (Equatorial Guinea),FranÃ§ais (GuinÃ©e Ã©quatoriale)
fr-HT,French (Haiti),FranÃ§ais (HaÃ¯ti)
fr-KM,French (Comoros),FranÃ§ais (Comores)
fr-LU,French (Luxembourg),FranÃ§ais (Luxembourg)
fr-MA,French (Morocco),FranÃ§ais (Maroc)
fr-MC,French (Monaco),FranÃ§ais (Monaco)
fr-MF,French (Saint Martin),FranÃ§ais (Saint-Martin)
fr-MG,French (Madagascar),FranÃ§ais (Madagascar)
fr-ML,French (Mali),FranÃ§ais (Mali)
fr-MQ,French (Martinique),FranÃ§ais (Martinique)
fr-MR,French (Mauritania),FranÃ§ais (Mauritanie)
fr-MU,French (Mauritius),FranÃ§ais (Maurice)
fr-NC,French (New Caledonia),FranÃ§ais (Nouvelle-CalÃ©donie)
fr-NE,French (Niger),FranÃ§ais (Niger)
fr-PF,French (French Polynesia),FranÃ§ais (PolynÃ©sie franÃ§aise)
fr-PM,French (Saint Pierre and Miquelon),FranÃ§ais (Saint-Pierre-et-Miquelon)
fr-RE,French (RÃ©union),FranÃ§ais (La RÃ©union)
fr-RW,French (Rwanda),FranÃ§ais (Rwanda)
fr-SC,French (Seychelles),FranÃ§ais (Seychelles)
fr-SN,French (Senegal),FranÃ§ais (SÃ©nÃ©gal)
fr-SY,French (Syria),FranÃ§ais (Syrie)
fr-TD,French (Chad),FranÃ§ais (Tchad)
fr-TG,French (Togo),FranÃ§ais (Togo)
fr-TN,French (Tunisia),FranÃ§ais (Tunisie)
fr-VU,French (Vanuatu),FranÃ§ais (Vanuatu)
fr-WF,French (Wallis and Futuna),FranÃ§ais (Wallis et Futuna)
fr-YT,French (Mayotte),FranÃ§ais (Mayotte)
frr,North Frisian,Nordfriisk
frr-DE,North Frisian (Germany),Nordfriisk (DÃºtslÃ¢n)
fur,Friulian,Furlan
fur-IT,Friulian (Italy),Furlan (Italie)
fy,West Frisian,Frysk
fy-NL,West Frisian (Netherlands),Frysk (NederlÃ¢n)
ga,Irish,Gaeilge
ga-GB,Irish (United Kingdom),Gaeilge (An RÃ­ocht Aontaithe)
ga-IE,Irish (Ireland),Gaeilge (Ã‰ire)
gaa,Ga,GÃ£
gaa-GH,Ga (Ghana),GÃ£ (Ghana)
gd,Scottish Gaelic,GÃ idhlig
gd-GB,Scottish Gaelic (United Kingdom),GÃ idhlig (An RÃ¬oghachd Aonaichte)
gez,Geez,áŒá‹•á‹áŠ›
gez-ER,Geez (Eritrea),áŒá‹•á‹áŠ› (áŠ¤áˆ­á‰µáˆ«)
gez-ET,Geez (Ethiopia),áŒá‹•á‹áŠ› (áŠ¢á‰µá‹®áŒµá‹«)
gl,Galician,Galego
gl-ES,Galician (Spain),Galego (EspaÃ±a)
gn,Guarani,AvaÃ±e'áº½
gn-PY,Guarani (Paraguay),AvaÃ±e'áº½ (Paraguay)
gsw,Swiss German,SchwiizerdÃ¼tsch
gsw-CH,Swiss German (Switzerland),SchwiizerdÃ¼tsch (Schwiiz)
gsw-FR,Swiss German (France),SchwiizerdÃ¼tsch (Frankreich)
gsw-LI,Swiss German (Liechtenstein),SchwiizerdÃ¼tsch (Liechtenstein)
gu,Gujarati,àª—à«àªœàª°àª¾àª¤à«€
gu-IN,Gujarati (India),àª—à«àªœàª°àª¾àª¤à«€ (àª­àª¾àª°àª¤)
guz,Gusii,Ekegusii
guz-KE,Gusii (Kenya),Ekegusii (Kenya)
gv,Manx,Gaelg
gv-IM,Manx (Isle of Man),Gaelg (Ellan Vannin)
ha,Hausa,Hausa
ha-GH,Hausa (Ghana),Hausa (Ghana)
ha-NE,Hausa (Niger),Hausa (Nijar)
ha-NG,Hausa (Nigeria),Hausa (Najeriya)
ha-SD,Hausa (Sudan),Hausa (Sudan)
haw,Hawaiian,Ê»ÅŒlelo HawaiÊ»i
haw-US,Hawaiian (United States),Ê»ÅŒlelo HawaiÊ»i (Ê»Amelika Hui PÅ« Ê»Ia)
he,Hebrew,×¢×‘×¨×™×ª
he-IL,Hebrew (Israel),×¢×‘×¨×™×ª (×™×©×¨××œ)
hi,Hindi,à¤¹à¤¿à¤¨à¥à¤¦à¥€
hi-IN,Hindi (India),à¤¹à¤¿à¤¨à¥à¤¦à¥€ (à¤­à¤¾à¤°à¤¤)
hnj,Hmong Njua,ğ„€ğ„„ğ„°ğ„©ğ„ğ„œğ„°
hnj-US,Hmong Njua (United States),ğ„€ğ„„ğ„°ğ„©ğ„ğ„œğ„° (United States)
hr,Croatian,Hrvatski
hr-BA,Croatian (Bosnia & Herzegovina),Hrvatski (Bosna i Hercegovina)
hr-HR,Croatian (Croatia),Hrvatski (Hrvatska)
hsb,Upper Sorbian,HornjoserbÅ¡Ä‡ina
hsb-DE,Upper Sorbian (Germany),HornjoserbÅ¡Ä‡ina (NÄ›mska)
hu,Hungarian,Magyar
hu-HU,Hungarian (Hungary),Magyar (MagyarorszÃ¡g)
hy,Armenian,Õ°Õ¡ÕµÕ¥Ö€Õ¥Õ¶
hy-AM,Armenian (Armenia),Õ°Õ¡ÕµÕ¥Ö€Õ¥Õ¶ (Õ€Õ¡ÕµÕ¡Õ½Õ¿Õ¡Õ¶)
ia,Interlingua,Interlingua
ia-001,Interlingua (World),Interlingua (Mundo)
id,Indonesian,Indonesia
id-ID,Indonesian (Indonesia),Indonesia (Indonesia)
ie,Interlingue,Interlingue
ie-EE,Interlingue (Estonia),Interlingue (Estonia)
ig,Igbo,Igbo
ig-NG,Igbo (Nigeria),Igbo (Naá»‹já»‹rá»‹a)
ii,Sichuan Yi,ê†ˆêŒ ê‰™
ii-CN,Sichuan Yi (China),ê†ˆêŒ ê‰™ (êê‡©)
io,Ido,Ido
io-001,Ido (World),Ido (World)
is,Icelandic,Ãslenska
is-IS,Icelandic (Iceland),Ãslenska (Ãsland)
it,Italian,Italiano
it-CH,Italian (Switzerland),Italiano (Svizzera)
it-IT,Italian (Italy),Italiano (Italia)
it-SM,Italian (San Marino),Italiano (San Marino)
it-VA,Italian (Vatican City),Italiano (CittÃ  del Vaticano)
iu,Inuktitut,áƒá“„á’ƒá‘á‘á‘¦
iu-CA,Inuktitut (Canada),áƒá“„á’ƒá‘á‘á‘¦ (á‘²á“‡á‘•)
ja,Japanese,æ—¥æœ¬èª
ja-JP,Japanese (Japan),æ—¥æœ¬èª (æ—¥æœ¬å›½)
jbo,Lojban,la .Lojban.
jbo-001,Lojban (World),la .Lojban. (World)
jgo,Ngomba,NdaêŒa
jgo-CM,Ngomba (Cameroon),NdaêŒa (KamÉ›rÅ«n)
jmc,Machame,Kimachame
jmc-TZ,Machame (Tanzania),Kimachame (Tanzania)
jv,Javanese,Jawa
jv-ID,Javanese (Indonesia),Jawa (Indonesia)
ka,Georgian,áƒ¥áƒáƒ áƒ—áƒ£áƒšáƒ˜
ka-GE,Georgian (Georgia),áƒ¥áƒáƒ áƒ—áƒ£áƒšáƒ˜ (áƒ¡áƒáƒ¥áƒáƒ áƒ—áƒ•áƒ”áƒšáƒ)
kaa,Kara-Kalpak,ÒšĞ°Ñ€Ğ°Ò›Ğ°Ğ»Ğ¿Ğ°Ò›
kaa-UZ,Kara-Kalpak (Uzbekistan),ÒšĞ°Ñ€Ğ°Ò›Ğ°Ğ»Ğ¿Ğ°Ò› (Ó¨Ğ·Ğ±ĞµĞºÑÑ‚Ğ°Ğ½)
kab,Kabyle,Taqbaylit
kab-DZ,Kabyle (Algeria),Taqbaylit (Lezzayer)
kaj,Jju,Kaje
kaj-NG,Jju (Nigeria),Kaje (Nigeria)
kam,Kamba,Kikamba
kam-KE,Kamba (Kenya),Kikamba (Kenya)
kcg,Tyap,Katab
kcg-NG,Tyap (Nigeria),Katab (Nigeria)
kde,Makonde,Chimakonde
kde-TZ,Makonde (Tanzania),Chimakonde (Tanzania)
kea,Kabuverdianu,Kabuverdianu
kea-CV,Kabuverdianu (Cape Verde),Kabuverdianu (Kabu Verdi)
ken,Kenyang,KÉ›nyaÅ‹
ken-CM,Kenyang (Cameroon),KÉ›nyaÅ‹ (Kamerun)
kgp,Kaingang,KanhgÃ¡g
kgp-BR,Kaingang (Brazil),KanhgÃ¡g (Brazil)
khq,Koyra Chiini,Koyra ciini
khq-ML,Koyra Chiini (Mali),Koyra ciini (Mali)
ki,Kikuyu,Gikuyu
ki-KE,Kikuyu (Kenya),Gikuyu (Kenya)
kk,Kazakh,ÒšĞ°Ğ·Ğ°Ò›
kk-CN,Kazakh (China),ÒšĞ°Ğ·Ğ°Ò› (ÒšÑ‹Ñ‚Ğ°Ğ¹)
kk-KZ,Kazakh (Kazakhstan),ÒšĞ°Ğ·Ğ°Ò› (ÒšĞ°Ğ·Ğ°Ò›ÑÑ‚Ğ°Ğ½)
kkj,Kako,KakÉ”
kkj-CM,Kako (Cameroon),KakÉ” (KamÉ›run)
kl,Kalaallisut,Kalaallisut
kl-GL,Kalaallisut (Greenland),Kalaallisut (Kalaallit Nunaat)
kln,Kalenjin,Kalenjin
kln-KE,Kalenjin (Kenya),Kalenjin (Emetab Kenya)
km,Khmer,ááŸ’á˜áŸ‚áš
km-KH,Khmer (Cambodia),ááŸ’á˜áŸ‚áš (á€á˜áŸ’á–á»á‡á¶)
kn,Kannada,à²•à²¨à³à²¨à²¡
kn-IN,Kannada (India),à²•à²¨à³à²¨à²¡ (à²­à²¾à²°à²¤)
ko,Korean,í•œêµ­ì–´
ko-CN,Korean (China),í•œêµ­ì–´ (ì¤‘êµ­)
ko-KP,Korean (North Korea),í•œêµ­ì–´ (ì¡°ì„ ë¯¼ì£¼ì£¼ì˜ì¸ë¯¼ê³µí™”êµ­)
ko-KR,Korean (South Korea),í•œêµ­ì–´ (ëŒ€í•œë¯¼êµ­)
kok,Konkani,à¤•à¥‹à¤‚à¤•à¤£à¥€
kok-IN,Konkani (India),à¤•à¥‹à¤‚à¤•à¤£à¥€ (à¤­à¤¾à¤°à¤¤)
kpe,Kpelle,KpÉ›lÉ›É›
kpe-GN,Kpelle (Guinea),KpÉ›lÉ›É› (GuinÃ©e)
kpe-LR,Kpelle (Liberia),KpÉ›lÉ›É› (Liberia)
ks,Kashmiri,Ú©Ù²Ø´ÙØ±
ks-IN,Kashmiri (India),Ú©Ù²Ø´ÙØ± (ÛÙÙ†Ø¯ÙˆØ³ØªØ§Ù†)
ksb,Shambala,Kishambaa
ksb-TZ,Shambala (Tanzania),Kishambaa (Tanzania)
ksf,Bafia,Rikpa
ksf-CM,Bafia (Cameroon),Rikpa (KamÉ›rÃºn)
ksh,Colognian,KÃ¶lsch
ksh-DE,Colognian (Germany),KÃ¶lsch (DoÃ¼tschland)
ku,Kurdish,KurdÃ®
ku-TR,Kurdish (Turkey),KurdÃ® (Tirkiye)
kw,Cornish,Kernewek
kw-GB,Cornish (United Kingdom),Kernewek (Rywvaneth Unys)
kxv,Kuvi,Kuvi
kxv-IN,Kuvi (India),Kuvi (à¬­à¬¾à¬°à¬¤)
ky,Kyrgyz,ĞšÑ‹Ñ€Ğ³Ñ‹Ğ·Ñ‡Ğ°
ky-KG,Kyrgyz (Kyrgyzstan),ĞšÑ‹Ñ€Ğ³Ñ‹Ğ·Ñ‡Ğ° (ĞšÑ‹Ñ€Ğ³Ñ‹Ğ·ÑÑ‚Ğ°Ğ½)
la,Latin,Latina
la-VA,Latin (Vatican City),Latina (Civitas Vaticana)
lag,Langi,KÉ¨laangi
lag-TZ,Langi (Tanzania),KÉ¨laangi (TaansanÃ­a)
lb,Luxembourgish,LÃ«tzebuergesch
lb-LU,Luxembourgish (Luxembourg),LÃ«tzebuergesch (LÃ«tzebuerg)
lg,Ganda,Luganda
lg-UG,Ganda (Uganda),Luganda (Yuganda)
lij,Ligurian,Ligure
lij-IT,Ligurian (Italy),Ligure (Italia)
lkt,Lakota,LakÈŸÃ³lÊ¼iyapi
lkt-US,Lakota (United States),LakÈŸÃ³lÊ¼iyapi (MÃ­lahaÅ‹ska TÈŸamÃ¡kÈŸoÄhe)
lld,Ladin,Ladin
lld-IT,Ladin (Italy),Ladin (Italia)
lmo,Lombard,Lombard
lmo-IT,Lombard (Italy),Lombard (Italia)
ln,Lingala,LingÃ¡la
ln-AO,Lingala (Angola),LingÃ¡la (AngÃ³la)
ln-CD,Lingala (Congo - Kinshasa),LingÃ¡la (RepublÃ­ki ya KongÃ³ DemokratÃ­ki)
ln-CF,Lingala (Central African Republic),LingÃ¡la (Repibiki ya AfrÃ­ka ya KÃ¡ti)
ln-CG,Lingala (Congo - Brazzaville),LingÃ¡la (Kongo)
lo,Lao,àº¥àº²àº§
lo-LA,Lao (Laos),àº¥àº²àº§ (àº¥àº²àº§)
lrc,Northern Luri,Ù„ÛŠØ±ÛŒ Ø´ÙˆÙ…Ø§Ù„ÛŒ
lrc-IQ,Northern Luri (Iraq),Ù„ÛŠØ±ÛŒ Ø´ÙˆÙ…Ø§Ù„ÛŒ (Iraq)
lrc-IR,Northern Luri (Iran),Ù„ÛŠØ±ÛŒ Ø´ÙˆÙ…Ø§Ù„ÛŒ (Iran)
lt,Lithuanian,LietuviÅ³
lt-LT,Lithuanian (Lithuania),LietuviÅ³ (Lietuva)
ltg,Latgalian,LatgalÄ«Å¡u
ltg-LV,Latgalian (Latvia),LatgalÄ«Å¡u (Latveja)
lu,Luba-Katanga,Tshiluba
lu-CD,Luba-Katanga (Congo - Kinshasa),Tshiluba (Ditunga wa Kongu)
luo,Luo,Dholuo
luo-KE,Luo (Kenya),Dholuo (Kenya)
luy,Luyia,Luluhia
luy-KE,Luyia (Kenya),Luluhia (Kenya)
lv,Latvian,LatvieÅ¡u
lv-LV,Latvian (Latvia),LatvieÅ¡u (Latvija)
mai,Maithili,à¤®à¥ˆà¤¥à¤¿à¤²à¥€
mai-IN,Maithili (India),à¤®à¥ˆà¤¥à¤¿à¤²à¥€ (à¤­à¤¾à¤°à¤¤)
mas,Masai,Maa
mas-KE,Masai (Kenya),Maa (Kenya)
mas-TZ,Masai (Tanzania),Maa (Tansania)
mdf,Moksha,ĞœĞ¾ĞºÑˆĞµĞ½ÑŒ ĞºÑĞ»ÑŒ
mdf-RU,Moksha (Russia),ĞœĞ¾ĞºÑˆĞµĞ½ÑŒ ĞºÑĞ»ÑŒ (Ğ Ğ¾ÑÑĞ¸Ñ)
mer,Meru,KÄ©mÄ©rÅ©
mer-KE,Meru (Kenya),KÄ©mÄ©rÅ© (Kenya)
mfe,Morisyen,Kreol Morisien
mfe-MU,Morisyen (Mauritius),Kreol Morisien (Moris)
mg,Malagasy,Malagasy
mg-MG,Malagasy (Madagascar),Malagasy (Madagasikara)
mgh,Makhuwa-Meetto,Makua
mgh-MZ,Makhuwa-Meetto (Mozambique),Makua (Mozambique)
mgo,MetaÊ¼,MetaÊ¼
mgo-CM,MetaÊ¼ (Cameroon),MetaÊ¼ (KamalÃºn)
mhn,MÃ²cheno,MÃ²cheno
mhn-IT,MÃ²cheno (Italy),MÃ²cheno (Italia)
mi,MÄori,MÄori
mi-NZ,MÄori (New Zealand),MÄori (Aotearoa)
mic,Mi'kmaq,LÊ¼nuiÊ¼suti
mic-CA,Mi'kmaq (Canada),LÊ¼nuiÊ¼suti (Canada)
mk,Macedonian,ĞœĞ°ĞºĞµĞ´Ğ¾Ğ½ÑĞºĞ¸
mk-MK,Macedonian (North Macedonia),ĞœĞ°ĞºĞµĞ´Ğ¾Ğ½ÑĞºĞ¸ (Ğ¡ĞµĞ²ĞµÑ€Ğ½Ğ° ĞœĞ°ĞºĞµĞ´Ğ¾Ğ½Ğ¸Ñ˜Ğ°)
ml,Malayalam,à´®à´²à´¯à´¾à´³à´‚
ml-IN,Malayalam (India),à´®à´²à´¯à´¾à´³à´‚ (à´‡à´¨àµà´¤àµà´¯)
mn,Mongolian,ĞœĞ¾Ğ½Ğ³Ğ¾Ğ»
mn-CN,Mongolian (China),ĞœĞ¾Ğ½Ğ³Ğ¾Ğ» (Ğ¥ÑÑ‚Ğ°Ğ´)
mn-MN,Mongolian (Mongolia),ĞœĞ¾Ğ½Ğ³Ğ¾Ğ» (ĞœĞ¾Ğ½Ğ³Ğ¾Ğ»)
mni,Manipuri,à¦®à§ˆà¦¤à§ˆà¦²à§‹à¦¨à§
mni-IN,Manipuri (India),à¦®à§ˆà¦¤à§ˆà¦²à§‹à¦¨à§ (à¦­à¦¾à¦°à¦¤)
moh,Mohawk,KanienÊ¼kÃ©ha
moh-CA,Mohawk (Canada),KanienÊ¼kÃ©ha (Canada)
mr,Marathi,à¤®à¤°à¤¾à¤ à¥€
mr-IN,Marathi (India),à¤®à¤°à¤¾à¤ à¥€ (à¤­à¤¾à¤°à¤¤)
ms,Malay,Melayu
ms-BN,Malay (Brunei),Melayu (Brunei)
ms-ID,Malay (Indonesia),Melayu (Indonesia)
ms-MY,Malay (Malaysia),Melayu (Malaysia)
ms-SG,Malay (Singapore),Melayu (Singapura)
mt,Maltese,Malti
mt-MT,Maltese (Malta),Malti (Malta)
mua,Mundang,MUNDAÅŠ
mua-CM,Mundang (Cameroon),MUNDAÅŠ (Cameroon)
mus,Muscogee,Mvskoke
mus-US,Muscogee (United States),Mvskoke (United States)
my,Burmese,á€™á€¼á€”á€ºá€™á€¬
my-MM,Burmese (Myanmar),á€™á€¼á€”á€ºá€™á€¬ (á€™á€¼á€”á€ºá€™á€¬)
myv,Erzya,Ğ­Ñ€Ğ·ÑĞ½ÑŒ ĞºĞµĞ»ÑŒ
myv-RU,Erzya (Russia),Ğ­Ñ€Ğ·ÑĞ½ÑŒ ĞºĞµĞ»ÑŒ (Ğ Ğ¾ÑÑĞ¸Ñ)
mzn,Mazanderani,Ù…Ø§Ø²Ø±ÙˆÙ†ÛŒ
mzn-IR,Mazanderani (Iran),Ù…Ø§Ø²Ø±ÙˆÙ†ÛŒ (Ø§ÛŒØ±Ø§Ù†)
naq,Nama,Khoekhoegowab
naq-NA,Nama (Namibia),Khoekhoegowab (Namibiab)
nb,Norwegian BokmÃ¥l,BokmÃ¥l
nb-NO,Norwegian BokmÃ¥l (Norway),BokmÃ¥l (Norge)
nb-SJ,Norwegian BokmÃ¥l (Svalbard & Jan Mayen),BokmÃ¥l (Svalbard og Jan Mayen)
nd,North Ndebele,isiNdebele
nd-ZW,North Ndebele (Zimbabwe),isiNdebele (Zimbabwe)
nds,Low German,Neddersassâ€™sch
nds-DE,Low German (Germany),Neddersassâ€™sch (Deutschland)
nds-NL,Low German (Netherlands),Neddersassâ€™sch (Nederland)
ne,Nepali,à¤¨à¥‡à¤ªà¤¾à¤²à¥€
ne-IN,Nepali (India),à¤¨à¥‡à¤ªà¤¾à¤²à¥€ (à¤­à¤¾à¤°à¤¤)
ne-NP,Nepali (Nepal),à¤¨à¥‡à¤ªà¤¾à¤²à¥€ (à¤¨à¥‡à¤ªà¤¾à¤²)
nl,Dutch,Nederlands
nl-AW,Dutch (Aruba),Nederlands (Aruba)
nl-BE,Dutch (Belgium),Nederlands (BelgiÃ«)
nl-BQ,Dutch (Caribbean Netherlands),Nederlands (Caribisch Nederland)
nl-CW,Dutch (CuraÃ§ao),Nederlands (CuraÃ§ao)
nl-NL,Dutch (Netherlands),Nederlands (Nederland)
nl-SR,Dutch (Suriname),Nederlands (Suriname)
nl-SX,Dutch (Sint Maarten),Nederlands (Sint Maarten)
nmg,Kwasio,Kwasio
nmg-CM,Kwasio (Cameroon),Kwasio (Kamerun)
nn,Norwegian Nynorsk,Nynorsk
nn-NO,Norwegian Nynorsk (Norway),Nynorsk (Noreg)
nnh,Ngiemboon,ShwÃ³Å‹Ã² ngiembÉ”É”n
nnh-CM,Ngiemboon (Cameroon),ShwÃ³Å‹Ã² ngiembÉ”É”n (KÃ malÃ»m)
no,Norwegian,Norsk
nqo,N'Ko,ß’ßß
nqo-GN,N'Ko (Guinea),ß’ßß (ß–ßŒß¬ß£ßß¬)
nr,South Ndebele,isiNdebele
nr-ZA,South Ndebele (South Africa),isiNdebele (iSewula Afrika)
nso,Northern Sotho,Sesotho sa Leboa
nso-ZA,Northern Sotho (South Africa),Sesotho sa Leboa (Afrika Borwa)
nus,Nuer,Thok Nath
nus-SS,Nuer (South Sudan),Thok Nath (South Sudan)
nv,Navajo,DinÃ© Bizaad
nv-US,Navajo (United States),DinÃ© Bizaad (United States)
ny,Nyanja,Nyanja
ny-MW,Nyanja (Malawi),Nyanja (Malawi)
nyn,Nyankole,Runyankore
nyn-UG,Nyankole (Uganda),Runyankore (Uganda)
oc,Occitan,Occitan
oc-ES,Occitan (Spain),Occitan (Espanha)
oc-FR,Occitan (France),Occitan (FranÃ§a)
om,Oromo,Oromoo
om-ET,Oromo (Ethiopia),Oromoo (Itoophiyaa)
om-KE,Oromo (Kenya),Oromoo (Keeniyaa)
or,Odia,à¬“à¬¡à¬¼à¬¿à¬†
or-IN,Odia (India),à¬“à¬¡à¬¼à¬¿à¬† (à¬­à¬¾à¬°à¬¤)
os,Ossetic,Ğ¸Ñ€Ğ¾Ğ½
os-GE,Ossetic (Georgia),Ğ˜Ñ€Ğ¾Ğ½ (Ğ“ÑƒÑ‹Ñ€Ğ´Ğ·Ñ‹ÑÑ‚Ğ¾Ğ½)
os-RU,Ossetic (Russia),Ğ˜Ñ€Ğ¾Ğ½ (Ğ£Ó•Ñ€Ó•ÑĞµ)
osa,Osage,ğ“ğ“˜ğ“»ğ“˜ğ“»ğ“Ÿ
osa-US,Osage (United States),ğ“ğ“˜ğ“»ğ“˜ğ“»ğ“Ÿ (United States)
pa,Punjabi,à¨ªà©°à¨œà¨¾à¨¬à©€
pa-IN,Punjabi (India),à¨ªà©°à¨œà¨¾à¨¬à©€ (à¨­à¨¾à¨°à¨¤)
pa-PK,Punjabi (Pakistan),à¨ªà©°à¨œà¨¾à¨¬à©€ (Ù¾Ø§Ú©Ø³ØªØ§Ù†)
pap,Papiamento,Papiamentu
pap-AW,Papiamento (Aruba),Papiamentu (Aruba)
pap-CW,Papiamento (CuraÃ§ao),Papiamentu (CuraÃ§ao)
pcm,Nigerian Pidgin,NaijÃ­riÃ¡ PÃ­jin
pcm-NG,Nigerian Pidgin (Nigeria),NaijÃ­riÃ¡ PÃ­jin (NaijÃ­ria)
pis,Pijin,Pijin
pis-SB,Pijin (Solomon Islands),Pijin (Solomon Islands)
pl,Polish,Polski
pl-PL,Polish (Poland),Polski (Polska)
prg,Prussian,PrÅ«siskan
prg-PL,Prussian (Poland),PrÅ«siskan (Polska)
ps,Pashto,Ù¾ÚšØªÙˆ
ps-AF,Pashto (Afghanistan),Ù¾ÚšØªÙˆ (Ø§ÙØºØ§Ù†Ø³ØªØ§Ù†)
ps-PK,Pashto (Pakistan),Ù¾ÚšØªÙˆ (Ù¾Ø§Ú©Ø³ØªØ§Ù†)
pt,Portuguese,PortuguÃªs
pt-AO,Portuguese (Angola),PortuguÃªs (Angola)
pt-BR,Portuguese (Brazil),PortuguÃªs (Brasil)
pt-CH,Portuguese (Switzerland),PortuguÃªs (SuÃ­Ã§a)
pt-CV,Portuguese (Cape Verde),PortuguÃªs (Cabo Verde)
pt-GQ,Portuguese (Equatorial Guinea),PortuguÃªs (GuinÃ© Equatorial)
pt-GW,Portuguese (Guinea-Bissau),PortuguÃªs (GuinÃ©-Bissau)
pt-LU,Portuguese (Luxembourg),PortuguÃªs (Luxemburgo)
pt-MO,Portuguese (Macao),"PortuguÃªs (Macau)"
pt-MZ,Portuguese (Mozambique),PortuguÃªs (MoÃ§ambique)
pt-PT,Portuguese (Portugal),PortuguÃªs (Portugal)
pt-ST,Portuguese (SÃ£o TomÃ© & PrÃ­ncipe),PortuguÃªs (SÃ£o TomÃ© e PrÃ­ncipe)
pt-TL,Portuguese (Timor-Leste),PortuguÃªs (Timor-Leste)
qu,Quechua,Runasimi
qu-BO,Quechua (Bolivia),Runasimi (Bolivia)
qu-EC,Quechua (Ecuador),Runasimi (Ecuador)
qu-PE,Quechua (Peru),Runasimi (PerÃº)
quc,KÊ¼icheÊ¼,KÊ¼icheÊ¼
quc-GT,KÊ¼icheÊ¼ (Guatemala),KÊ¼icheÊ¼ (Guatemala)
raj,Rajasthani,à¤°à¤¾à¤œà¤¸à¥à¤¥à¤¾à¤¨à¥€
raj-IN,Rajasthani (India),à¤°à¤¾à¤œà¤¸à¥à¤¥à¤¾à¤¨à¥€ (à¤­à¤¾à¤°à¤¤)
rhg,Rohingya,ğ´Œğ´—ğ´¥ğ´ğ´™ğ´šğ´’ğ´™ğ´
rhg-BD,Rohingya (Bangladesh),ğ´Œğ´—ğ´¥ğ´ğ´™ğ´šğ´’ğ´™ğ´ (ğ´Šğ´ğ´€ğ´ğ´ğ´“ğ´¨ğ´¡ğ´¥ğ´)
rhg-MM,Rohingya (Myanmar),ğ´Œğ´—ğ´¥ğ´ğ´™ğ´šğ´’ğ´™ğ´ (ğ´“ğ´™ğ´ğ´€ğ´“ğ´)
rif,Riffian,Tarifit
rif-MA,Riffian (Morocco),Tarifit (Merruk)
rm,Romansh,Rumantsch
rm-CH,Romansh (Switzerland),Rumantsch (Svizra)
rn,Rundi,Ikirundi
rn-BI,Rundi (Burundi),Ikirundi (Uburundi)
ro,Romanian,RomÃ¢nÄƒ
ro-MD,Romanian (Moldova),RomÃ¢nÄƒ (Moldova)
ro-RO,Romanian (Romania),RomÃ¢nÄƒ (RomÃ¢nia)
rof,Rombo,Kihorombo
rof-TZ,Rombo (Tanzania),Kihorombo (Tanzania)
ru,Russian,PÑƒÑÑĞºĞ¸Ğ¹
ru-BY,Russian (Belarus),PÑƒÑÑĞºĞ¸Ğ¹ (Ğ‘ĞµĞ»Ğ°Ñ€ÑƒÑÑŒ)
ru-KG,Russian (Kyrgyzstan),PÑƒÑÑĞºĞ¸Ğ¹ (ĞšĞ¸Ñ€Ğ³Ğ¸Ğ·Ğ¸Ñ)
ru-KZ,Russian (Kazakhstan),PÑƒÑÑĞºĞ¸Ğ¹ (ĞšĞ°Ğ·Ğ°Ñ…ÑÑ‚Ğ°Ğ½)
ru-MD,Russian (Moldova),PÑƒÑÑĞºĞ¸Ğ¹ (ĞœĞ¾Ğ»Ğ´Ğ¾Ğ²Ğ°)
ru-RU,Russian (Russia),PÑƒÑÑĞºĞ¸Ğ¹ (Ğ Ğ¾ÑÑĞ¸Ñ)
ru-UA,Russian (Ukraine),PÑƒÑÑĞºĞ¸Ğ¹ (Ğ£ĞºÑ€Ğ°Ğ¸Ğ½Ğ°)
rw,Kinyarwanda,Ikinyarwanda
rw-RW,Kinyarwanda (Rwanda),Ikinyarwanda (Rwanda)
rwk,Rwa,Kiruwa
rwk-TZ,Rwa (Tanzania),Kiruwa (Tanzania)
sa,Sanskrit,à¤¸à¤‚à¤¸à¥à¤•à¥ƒà¤¤ à¤­à¤¾à¤·à¤¾
sa-IN,Sanskrit (India),à¤¸à¤‚à¤¸à¥à¤•à¥ƒà¤¤ à¤­à¤¾à¤·à¤¾ (à¤­à¤¾à¤°à¤¤)
sah,Sakha,Ğ¡Ğ°Ñ…Ğ° Ğ¢Ñ‹Ğ»Ğ°
sah-RU,Sakha (Russia),Ğ¡Ğ°Ñ…Ğ° Ğ¢Ñ‹Ğ»Ğ° (Ğ Ğ¾ÑÑĞ¸Ñ)
saq,Samburu,Kisampur
saq-KE,Samburu (Kenya),Kisampur (Kenya)
sat,Santali,á±¥á±Ÿá±±á±›á±Ÿá±²á±¤
sat-IN,Santali (India),á±¥á±Ÿá±±á±›á±Ÿá±²á±¤ (á±¤á±±á±°á±¤á±­á±Ÿ)
sbp,Sangu,Ishisangu
sbp-TZ,Sangu (Tanzania),Ishisangu (Tansaniya)
sc,Sardinian,Sardu
sc-IT,Sardinian (Italy),Sardu (ItÃ lia)
scn,Sicilian,Sicilianu
scn-IT,Sicilian (Italy),Sicilianu (Italia)
sd,Sindhi,Ø³Ù†ÚŒÙŠ
sd-IN,Sindhi (India),Ø³Ù†ÚŒÙŠ (à¤­à¤¾à¤°à¤¤)
sd-PK,Sindhi (Pakistan),Ø³Ù†ÚŒÙŠ (Ù¾Ø§ÚªØ³ØªØ§Ù†)
sdh,Southern Kurdish,Ú©ÙˆØ±Ø¯ÛŒ Ø®ÙˆØ§Ø±Ú¯
sdh-IQ,Southern Kurdish (Iraq),Ú©ÙˆØ±Ø¯ÛŒ Ø®ÙˆØ§Ø±Ú¯ (Ø¹ÛØ±Ø§Ù‚)
sdh-IR,Southern Kurdish (Iran),Ú©ÙˆØ±Ø¯ÛŒ Ø®ÙˆØ§Ø±Ú¯ (Ø¦ÛØ±Ø§Ù†)
se,Northern Sami,DavvisÃ¡megiella
se-FI,Northern Sami (Finland),DavvisÃ¡megiella (Suopma)
se-NO,Northern Sami (Norway),DavvisÃ¡megiella (Norga)
se-SE,Northern Sami (Sweden),DavvisÃ¡megiella (RuoÅ§Å§a)
seh,Sena,Sena
seh-MZ,Sena (Mozambique),Sena (MoÃ§ambique)
ses,Koyraboro Senni,Koyraboro senni
ses-ML,Koyraboro Senni (Mali),Koyraboro senni (Maali)
sg,Sango,SÃ¤ngÃ¶
sg-CF,Sango (Central African Republic),SÃ¤ngÃ¶ (KÃ¶dÃ¶rÃ¶sÃªse tÃ® BÃªafrÃ®ka)
shi,Tachelhit,âµœâ´°âµ›âµâµƒâµ‰âµœ
shi-MA,Tachelhit (Morocco),âµœâ´°âµ›âµâµƒâµ‰âµœ (âµâµâµ–âµ”âµ‰â´±)
shn,Shan,á€á‚†á€¸
shn-MM,Shan (Myanmar),á€á‚†á€¸ (á€™á€»á¢á¼á€ºá‚‡á€™á‚ƒá‚‡)
shn-TH,Shan (Thailand),á€á‚†á€¸ (á€‘á‚†á€¸)
si,Sinhala,à·ƒà·’à¶‚à·„à¶½
si-LK,Sinhala (Sri Lanka),à·ƒà·’à¶‚à·„à¶½ (à·à·Šâ€à¶»à·“ à¶½à¶‚à¶šà·à·€)
sid,Sidamo,Sidaamu Afo
sid-ET,Sidamo (Ethiopia),Sidaamu Afo (Itiyoophiya)
sk,Slovak,SlovenÄina
sk-SK,Slovak (Slovakia),SlovenÄina (Slovensko)
skr,Saraiki,Ø³Ø±Ø§Ø¦ÛŒÚ©ÛŒ
skr-PK,Saraiki (Pakistan),Ø³Ø±Ø§Ø¦ÛŒÚ©ÛŒ (Ù¾Ø§Ú©Ø³ØªØ§Ù†)
sl,Slovenian,SlovenÅ¡Äina
sl-SI,Slovenian (Slovenia),SlovenÅ¡Äina (Slovenija)
sma,Southern Sami,Ã…arjelsaemien gÃ¯ele
sma-NO,Southern Sami (Norway),Ã…arjelsaemien gÃ¯ele (NÃ¶Ã¶rje)
sma-SE,Southern Sami (Sweden),Ã…arjelsaemien gÃ¯ele (Sveerje)
smj,Lule Sami,JulevsÃ¡megiella
smj-NO,Lule Sami (Norway),JulevsÃ¡megiella (Vuodna)
smj-SE,Lule Sami (Sweden),JulevsÃ¡megiella (Svierik)
smn,Inari Sami,AnarÃ¢Å¡kielÃ¢
smn-FI,Inari Sami (Finland),AnarÃ¢Å¡kielÃ¢ (SuomÃ¢)
sms,Skolt Sami,SÃ¤Ã¤Ê¹mÇ©iÃµll
sms-FI,Skolt Sami (Finland),SÃ¤Ã¤Ê¹mÇ©iÃµll (LÃ¤Ã¤Ê¹ddjÃ¢nnam)
sn,Shona,chiShona
sn-ZW,Shona (Zimbabwe),chiShona (Zimbabwe)
so,Somali,Soomaali
so-DJ,Somali (Djibouti),Soomaali (Jabuuti)
so-ET,Somali (Ethiopia),Soomaali (Itoobiya)
so-KE,Somali (Kenya),Soomaali (Kenya)
so-SO,Somali (Somalia),Soomaali (Soomaaliya)
sq,Albanian,Shqip
sq-AL,Albanian (Albania),Shqip (ShqipÃ«ri)
sq-MK,Albanian (North Macedonia),Shqip (Maqedonia e Veriut)
sq-XK,Albanian (Kosovo),Shqip (KosovÃ«)
sr,Serbian,Ğ¡Ñ€Ğ¿ÑĞºĞ¸
sr-BA,Serbian (Bosnia & Herzegovina),Ğ¡Ñ€Ğ¿ÑĞºĞ¸ (Ğ‘Ğ¾ÑĞ½Ğ° Ğ¸ Ğ¥ĞµÑ€Ñ†ĞµĞ³Ğ¾Ğ²Ğ¸Ğ½Ğ°)
sr-ME,Serbian (Montenegro),Ğ¡Ñ€Ğ¿ÑĞºĞ¸ (Ğ¦Ñ€Ğ½Ğ° Ğ“Ğ¾Ñ€Ğ°)
sr-RS,Serbian (Serbia),Ğ¡Ñ€Ğ¿ÑĞºĞ¸ (Ğ¡Ñ€Ğ±Ğ¸Ñ˜Ğ°)
sr-XK,Serbian (Kosovo),Ğ¡Ñ€Ğ¿ÑĞºĞ¸ (ĞšĞ¾ÑĞ¾Ğ²Ğ¾)
ss,Swati,siSwati
ss-SZ,Swati (Eswatini),siSwati (eSwatini)
ss-ZA,Swati (South Africa),siSwati (eMzansi)
ssy,Saho,Saho
ssy-ER,Saho (Eritrea),Saho (Eritrea)
st,Southern Sotho,Sesotho
st-LS,Southern Sotho (Lesotho),Sesotho (Lesotho)
st-ZA,Southern Sotho (South Africa),Sesotho (Afrika Borwa)
su,Sundanese,Basa Sunda
su-ID,Sundanese (Indonesia),Basa Sunda (Indonesia)
sv,Swedish,Svenska
sv-AX,Swedish (Ã…land Islands),Svenska (Ã…land)
sv-FI,Swedish (Finland),Svenska (Finland)
sv-SE,Swedish (Sweden),Svenska (Sverige)
sw,Swahili,Kiswahili
sw-CD,Swahili (Congo - Kinshasa),Kiswahili (Jamhuri ya Kidemokrasia ya Kongo)
sw-KE,Swahili (Kenya),Kiswahili (Kenya)
sw-TZ,Swahili (Tanzania),Kiswahili (Tanzania)
sw-UG,Swahili (Uganda),Kiswahili (Uganda)
syr,Syriac,Ü£Ü˜ÜªÜÜÜ
syr-IQ,Syriac (Iraq),Ü£Ü˜ÜªÜÜÜ (Ü¥ÜÜªÜÜ©)
syr-SY,Syriac (Syria),Ü£Ü˜ÜªÜÜÜ (Ü£Ü˜ÜªÜÜ)
szl,Silesian,ÅšlÅnski
szl-PL,Silesian (Poland),ÅšlÅnski (Polska)
ta,Tamil,à®¤à®®à®¿à®´à¯
ta-IN,Tamil (India),à®¤à®®à®¿à®´à¯ (à®‡à®¨à¯à®¤à®¿à®¯à®¾)
ta-LK,Tamil (Sri Lanka),à®¤à®®à®¿à®´à¯ (à®‡à®²à®™à¯à®•à¯ˆ)
ta-MY,Tamil (Malaysia),à®¤à®®à®¿à®´à¯ (à®®à®²à¯‡à®šà®¿à®¯à®¾)
ta-SG,Tamil (Singapore),à®¤à®®à®¿à®´à¯ (à®šà®¿à®™à¯à®•à®ªà¯à®ªà¯‚à®°à¯)
te,Telugu,à°¤à±†à°²à±à°—à±
te-IN,Telugu (India),à°¤à±†à°²à±à°—à± (à°­à°¾à°°à°¤à°¦à±‡à°¶à°‚)
teo,Teso,Kiteso
teo-KE,Teso (Kenya),Kiteso (Kenia)
teo-UG,Teso (Uganda),Kiteso (Uganda)
tg,Tajik,Ğ¢Ğ¾Ò·Ğ¸ĞºÓ£
tg-TJ,Tajik (Tajikistan),Ğ¢Ğ¾Ò·Ğ¸ĞºÓ£ (Ğ¢Ğ¾Ò·Ğ¸ĞºĞ¸ÑÑ‚Ğ¾Ğ½)
th,Thai,à¹„à¸—à¸¢
th-TH,Thai (Thailand),à¹„à¸—à¸¢ (à¹„à¸—à¸¢)
ti,Tigrinya,á‰µáŒáˆ­áŠ›
ti-ER,Tigrinya (Eritrea),á‰µáŒáˆ­áŠ› (áŠ¤áˆ­á‰µáˆ«)
ti-ET,Tigrinya (Ethiopia),á‰µáŒáˆ­áŠ› (áŠ¢á‰µá‹®áŒµá‹«)
tig,Tigre,á‰µáŒáˆ¨
tig-ER,Tigre (Eritrea),á‰µáŒáˆ¨ (áŠ¤áˆ­á‰µáˆ«)
tk,Turkmen,TÃ¼rkmen dili
tk-TM,Turkmen (Turkmenistan),TÃ¼rkmen dili (TÃ¼rkmenistan)
tn,Tswana,Setswana
tn-BW,Tswana (Botswana),Setswana (Botswana)
tn-ZA,Tswana (South Africa),Setswana (Aforika Borwa)
to,Tongan,Lea Fakatonga
to-TO,Tongan (Tonga),Lea Fakatonga (Tonga)
tok,Toki Pona,Toki Pona
tok-001,Toki Pona (World),Toki Pona (ma ali)
tpi,Tok Pisin,Tok Pisin
tpi-PG,Tok Pisin (Papua New Guinea),Tok Pisin (Papua Niugini)
tr,Turkish,TÃ¼rkÃ§e
tr-CY,Turkish (Cyprus),TÃ¼rkÃ§e (KÄ±brÄ±s)
tr-TR,Turkish (Turkey),TÃ¼rkÃ§e (TÃ¼rkiye)
trv,Taroko,Patas Taroko
trv-TW,Taroko (Taiwan),Patas Taroko (Taiwan)
trw,Torwali,ØªÙˆØ±ÙˆØ§Ù„ÛŒ
trw-PK,Torwali (Pakistan),ØªÙˆØ±ÙˆØ§Ù„ÛŒ (Ù¾Ø§Ú©Ø³ØªØ§Ù†)
ts,Tsonga,Xitsonga
ts-ZA,Tsonga (South Africa),Xitsonga (Afrika-Dzonga)
tt,Tatar,Ğ¢Ğ°Ñ‚Ğ°Ñ€
tt-RU,Tatar (Russia),Ğ¢Ğ°Ñ‚Ğ°Ñ€ (Ğ Ğ¾ÑÑĞ¸Ñ)
twq,Tasawaq,Tasawaq senni
twq-NE,Tasawaq (Niger),Tasawaq senni (NiÅ¾er)
tyv,Tuvinian,Ğ¢Ñ‹Ğ²Ğ° Ğ´Ñ‹Ğ»
tyv-RU,Tuvinian (Russia),Ğ¢Ñ‹Ğ²Ğ° Ğ´Ñ‹Ğ» (Ğ Ğ¾ÑÑĞ¸Ñ)
tzm,Central Atlas Tamazight,TamaziÉ£t n laá¹­laá¹£
tzm-MA,Central Atlas Tamazight (Morocco),TamaziÉ£t n laá¹­laá¹£ (Meá¹›á¹›uk)
ug,Uyghur,Ø¦Û‡ÙŠØºÛ‡Ø±Ú†Û•
ug-CN,Uyghur (China),Ø¦Û‡ÙŠØºÛ‡Ø±Ú†Û• (Ø¬Û‡Ú­Ú¯Ùˆ)
uk,Ukrainian,Ğ£ĞºÑ€Ğ°Ñ—Ğ½ÑÑŒĞºĞ°
uk-UA,Ukrainian (Ukraine),Ğ£ĞºÑ€Ğ°Ñ—Ğ½ÑÑŒĞºĞ° (Ğ£ĞºÑ€Ğ°Ñ—Ğ½Ğ°)
ur,Urdu,Ø§Ø±Ø¯Ùˆ
ur-IN,Urdu (India),Ø§Ø±Ø¯Ùˆ (Ø¨Ú¾Ø§Ø±Øª)
ur-PK,Urdu (Pakistan),Ø§Ø±Ø¯Ùˆ (Ù¾Ø§Ú©Ø³ØªØ§Ù†)
uz,Uzbek,Oâ€˜zbek
uz-AF,Uzbek (Afghanistan),Oâ€˜zbek (ĞÑ„Ò“Ğ¾Ğ½Ğ¸ÑÑ‚Ğ¾Ğ½)
uz-UZ,Uzbek (Uzbekistan),Oâ€˜zbek (OÊ»zbekiston)
vai,Vai,ê•™ê”¤
vai-LR,Vai (Liberia),ê•™ê”¤ (ê•ê”¤ê”«ê•©)
ve,Venda,Tshivená¸“a
ve-ZA,Venda (South Africa),Tshivená¸“a (Afurika Tshipembe)
vec,Venetian,Veneto
vec-IT,Venetian (Italy),Veneto (Italia)
vi,Vietnamese,Tiáº¿ng Viá»‡t
vi-VN,Vietnamese (Vietnam),Tiáº¿ng Viá»‡t (Viá»‡t Nam)
vmw,Makhuwa,Emakhuwa
vmw-MZ,Makhuwa (Mozambique),Emakhuwa (Moxambike)
vo,VolapÃ¼k,VolapÃ¼k
vo-001,VolapÃ¼k (World),VolapÃ¼k (World)
vun,Vunjo,Kyivunjo
vun-TZ,Vunjo (Tanzania),Kyivunjo (Tanzania)
wa,Walloon,Walon
wa-BE,Walloon (Belgium),Walon (Beldjike)
wae,Walser,Walser
wae-CH,Walser (Switzerland),Walser (Schwiz)
wal,Wolaytta,á‹ˆáˆ‹á‹­á‰³á‰±
wal-ET,Wolaytta (Ethiopia),á‹ˆáˆ‹á‹­á‰³á‰± (áŠ¢á‰µá‹®áŒµá‹«)
wbp,Warlpiri,Warlpiri
wbp-AU,Warlpiri (Australia),Warlpiri (Australia)
wo,Wolof,Wolof
wo-SN,Wolof (Senegal),Wolof (Senegaal)
xh,Xhosa,IsiXhosa
xh-ZA,Xhosa (South Africa),IsiXhosa (eMzantsi Afrika)
xnr,Kangri,à¤•à¤¾à¤‚à¤—à¤¡à¤¼à¥€
xnr-IN,Kangri (India),à¤•à¤¾à¤‚à¤—à¤¡à¤¼à¥€ (à¤­à¤¾à¤°à¤¤)
xog,Soga,Olusoga
xog-UG,Soga (Uganda),Olusoga (Uganda)
yav,Yangben,Nuasue
yav-CM,Yangben (Cameroon),Nuasue (KemelÃºn)
yi,Yiddish,×™×™Ö´×“×™×©
yi-UA,Yiddish (Ukraine),×™×™Ö´×“×™×© (××•×§×¨×Ö·×™× ×¢)
yo,Yoruba,ÃˆdÃ¨ YorÃ¹bÃ¡
yo-BJ,Yoruba (Benin),ÃˆdÃ¨ YorÃ¹bÃ¡ (OrÃ­lÉ›ÌÃ¨de BÉ›Ì€nÉ›Ì€)
yo-NG,Yoruba (Nigeria),ÃˆdÃ¨ YorÃ¹bÃ¡ (NÃ Ã¬jÃ­rÃ­Ã )
yrl,Nheengatu,Nheáº½gatu
yrl-BR,Nheengatu (Brazil),Nheáº½gatu (Brasil)
yrl-CO,Nheengatu (Colombia),Nheáº½gatu (Colombia)
yrl-VE,Nheengatu (Venezuela),Nheáº½gatu (Venezuela)
yue,Cantonese,ç²µèª
yue-CN,Cantonese (China),ç²µèª (ä¸­åœ‹)
yue-HK,Cantonese (Hong Kong),ç²µèª (é¦™æ¸¯)
za,Zhuang,Vahcuengh
za-CN,Zhuang (China),Vahcuengh (Cunghgoz)
zgh,Standard Moroccan Tamazight,âµœâ´°âµâ´°âµ£âµ‰âµ–âµœ
zgh-MA,Standard Moroccan Tamazight (Morocco),âµœâ´°âµâ´°âµ£âµ‰âµ–âµœ (âµâµâµ–âµ”âµ‰â´±)
zh,Chinese,ä¸­æ–‡
zh-CN,Simplified Chinese (China),ç®€ä½“ä¸­æ–‡ (ä¸­å›½)
zh-HK,Traditional Chinese (Hong Kong),ç¹é«”ä¸­æ–‡ (é¦™æ¸¯)
zh-MO,Traditional Chinese (Macao),ç¹é«”ä¸­æ–‡ (æ¾³é–€)
zh-MY,Simplified Chinese (Malaysia),ç®€ä½“ä¸­æ–‡ (é©¬æ¥è¥¿äºš)
zh-SG,Simplified Chinese (Singapore),ç®€ä½“ä¸­æ–‡ (æ–°åŠ å¡)
zh-TW,Traditional Chinese (Taiwan),ç¹é«”ä¸­æ–‡ (å°ç£)
zu,Zulu,isiZulu
zu-ZA,Zulu (South Africa),isiZulu (iNingizimu Afrika)
